"State","Year","obs","perc_job/ind","ind"
"1","1960","4252","0.71999580058893","1"
"1","1980","870","0.14731804950902","1"
"1","1990","2073","0.35102335245081","1"
"1","2000","1632","0.27634834114796","1"
"1","2010","232","0.0392848132024","1"
"1","2017","229","0.03877681992823","1"
"2","1960","54","0.00914387893504","1"
"2","1980","103","0.01744110241313","1"
"2","1990","628","0.10633992539272","1"
"2","2000","450","0.07619899112535","1"
"2","2010","50","0.00846655456948","1"
"2","2017","75","0.01269983185422","1"
"4","1960","1440","0.24383677160114","1"
"4","1980","662","0.11209718249997","1"
"4","1990","1885","0.31918910726955","1"
"4","2000","1362","0.23062894647274","1"
"4","2010","213","0.036067522466","1"
"4","2017","222","0.0375915022885","1"
"5","1960","4162","0.70475600236386","1"
"5","1980","1142","0.19337610636701","1"
"5","1990","2538","0.42976230994701","1"
"5","2000","2532","0.42874632339867","1"
"5","2010","375","0.06349915927113","1"
"5","2017","320","0.05418594924469","1"
"6","1960","11646","1.97202989032425","1"
"6","1980","6534","1.10640935114019","1"
"6","1990","20735","3.51108017996508","1"
"6","2000","14596","2.47155660992381","1"
"6","2010","3126","0.52932899168415","1"
"6","2017","3128","0.52966765386692","1"
"8","1960","2165","0.36660181285866","1"
"8","1980","951","0.16103386791158","1"
"8","1990","3099","0.52475705221662","1"
"8","2000","2388","0.40436264623856","1"
"8","2010","381","0.06451514581946","1"
"8","2017","421","0.07128838947505","1"
"9","1960","769","0.13021560927866","1"
"9","1980","289","0.04893668541161","1"
"9","1990","1067","0.18067627451279","1"
"9","2000","337","0.05706457779832","1"
"9","2010","64","0.01083718984893","1"
"9","2017","59","0.00999053439199","1"
"10","1960","400","0.06773243655587","1"
"10","1980","122","0.02065839314954","1"
"10","1990","376","0.06366849036252","1"
"10","2000","188","0.03183424518126","1"
"10","2010","37","0.00626525038141","1"
"10","2017","29","0.0049106016503","1"
"11","1960","46","0.00778923020392","1"
"11","1980","47","0.00795856129531","1"
"11","1990","140","0.02370635279455","1"
"11","2000","26","0.00440260837613","1"
"11","2010","13","0.00220130418806","1"
"11","2017","10","0.00169331091389","1"
"12","1960","4975","0.84242217966367","1"
"12","1980","2858","0.48394825919171","1"
"12","1990","8308","1.40680270726548","1"
"12","2000","4459","0.75504733650659","1"
"12","2010","730","0.12361169671446","1"
"12","2017","729","0.12344236562307","1"
"13","1960","5413","0.91658919769235","1"
"13","1980","1401","0.23723285903694","1"
"13","1990","3823","0.64735276238275","1"
"13","2000","2705","0.45804060220909","1"
"13","2010","377","0.06383782145391","1"
"13","2017","453","0.07670698439952","1"
"15","1960","674","0.11412915559664","1"
"15","1980","329","0.0557099290672","1"
"15","1990","804","0.1361421974773","1"
"15","2000","759","0.12852229836476","1"
"15","2010","91","0.01540912931646","1"
"15","2017","89","0.01507046713368","1"
"16","1960","1847","0.31275452579674","1"
"16","1980","863","0.14613273186929","1"
"16","1990","2192","0.37117375232618","1"
"16","2000","1925","0.32596235092514","1"
"16","2010","385","0.06519247018502","1"
"16","2017","402","0.06807109873865","1"
"17","1960","7679","1.30029345078137","1"
"17","1980","2461","0.41672381591001","1"
"17","1990","6511","1.10251473603822","1"
"17","2000","4108","0.69561212342881","1"
"17","2010","689","0.11666912196749","1"
"17","2017","772","0.13072360255283","1"
"18","1960","4895","0.8288756923525","1"
"18","1980","1461","0.24739272452032","1"
"18","1990","3347","0.56675116288127","1"
"18","2000","1859","0.31478649889342","1"
"18","2010","398","0.06739377437309","1"
"18","2017","302","0.05113798959968","1"
"19","1960","9287","1.57257784573598","1"
"19","1980","2933","0.49664809104594","1"
"19","1990","4883","0.82684371925582","1"
"19","2000","3670","0.62144510540013","1"
"19","2010","707","0.1197170816125","1"
"19","2017","658","0.11141985813441","1"
"20","1960","4564","0.77282710110251","1"
"20","1980","1553","0.26297118492817","1"
"20","1990","3581","0.60637463826645","1"
"20","2000","3197","0.54135149917281","1"
"20","2010","570","0.09651872209211","1"
"20","2017","457","0.07738430876508","1"
"21","1960","5672","0.96044595036228","1"
"21","1980","1353","0.22910496665024","1"
"21","1990","2681","0.45397665601574","1"
"21","2000","1893","0.32054375600067","1"
"21","2010","245","0.04148611739047","1"
"21","2017","237","0.04013146865935","1"
"22","1960","3269","0.55354333775287","1"
"22","1980","792","0.13411022438062","1"
"22","1990","2157","0.36524716412754","1"
"22","2000","1598","0.27059108404071","1"
"22","2010","238","0.04030079975074","1"
"22","2017","178","0.03014093426736","1"
"23","1960","789","0.13360223110646","1"
"23","1980","346","0.05858855762083","1"
"23","1990","934","0.15815523935796","1"
"23","2000","1096","0.18558687616309","1"
"23","2010","217","0.03674484683156","1"
"23","2017","164","0.0277702989879","1"
"24","1960","1714","0.29023349064191","1"
"24","1980","648","0.10972654722051","1"
"24","1990","1882","0.31868111399538","1"
"24","2000","769","0.13021560927866","1"
"24","2010","111","0.01879575114425","1"
"24","2017","130","0.02201304188065","1"
"25","1960","1120","0.18965082235644","1"
"25","1980","427","0.07230437602339","1"
"25","1990","1802","0.3051346266842","1"
"25","2000","641","0.10854122958078","1"
"25","2010","125","0.02116638642371","1"
"25","2017","139","0.02353702170316","1"
"26","1960","3849","0.65175537075889","1"
"26","1980","1423","0.24095814304751","1"
"26","1990","4757","0.80550800174072","1"
"26","2000","3296","0.55811527722039","1"
"26","2010","704","0.11920908833833","1"
"26","2017","644","0.10904922285495","1"
"27","1960","7578","1.28319101055102","1"
"27","1980","2568","0.4348422426887","1"
"27","1990","7965","1.34872214291882","1"
"27","2000","5374","0.90998528512815","1"
"27","2010","1246","0.21098653987154","1"
"27","2017","939","0.15900189481491","1"
"28","1960","5571","0.94334351013192","1"
"28","1980","909","0.15392196207322","1"
"28","1990","1970","0.33358225003767","1"
"28","2000","1694","0.28684686881412","1"
"28","2010","234","0.03962347538518","1"
"28","2017","163","0.02760096789651","1"
"29","1960","6565","1.11165861497327","1"
"29","1980","1961","0.33205827021516","1"
"29","1990","4171","0.70627998218636","1"
"29","2000","3770","0.6383782145391","1"
"29","2010","541","0.09160812044181","1"
"29","2017","574","0.09719604645767","1"
"30","1960","1788","0.30276399140475","1"
"30","1980","758","0.12835296727337","1"
"30","1990","1930","0.32680900638208","1"
"30","2000","1966","0.33290492567211","1"
"30","2010","412","0.06976440965254","1"
"30","2017","380","0.06434581472807","1"
"31","1960","4852","0.82159445542274","1"
"31","1980","1801","0.30496529559281","1"
"31","1990","3848","0.6515860396675","1"
"31","2000","4019","0.68054165629513","1"
"31","2010","575","0.09736537754906","1"
"31","2017","572","0.09685738427489","1"
"32","1960","223","0.03776083337989","1"
"32","1980","141","0.02387568388594","1"
"32","1990","654","0.11074253376885","1"
"32","2000","276","0.04673538122355","1"
"32","2010","49","0.00829722347809","1"
"32","2017","59","0.00999053439199","1"
"33","1960","288","0.04876735432022","1"
"33","1980","123","0.02082772424093","1"
"33","1990","494","0.0836495591465","1"
"33","2000","365","0.06180584835723","1"
"33","2010","66","0.01117585203171","1"
"33","2017","81","0.01371581840256","1"
"34","1960","1545","0.26161653619706","1"
"34","1980","489","0.08280290368955","1"
"34","1990","2101","0.35576462300972","1"
"34","2000","621","0.10515460775299","1"
"34","2010","132","0.02235170406343","1"
"34","2017","158","0.02675431243956","1"
"35","1960","917","0.15527661080433","1"
"35","1980","392","0.06637778782475","1"
"35","1990","1174","0.19879470129148","1"
"35","2000","1091","0.18474022070614","1"
"35","2010","180","0.03047959645014","1"
"35","2017","137","0.02319835952038","1"
"36","1960","5143","0.87086980301714","1"
"36","1980","1804","0.30547328886698","1"
"36","1990","7038","1.19175222120059","1"
"36","2000","4036","0.68342028484876","1"
"36","2010","722","0.12225704798335","1"
"36","2017","671","0.11362116232247","1"
"37","1960","8872","1.50230544280927","1"
"37","1980","1923","0.32562368874236","1"
"37","1990","4414","0.74742743739406","1"
"37","2000","2813","0.47632836007917","1"
"37","2010","541","0.09160812044181","1"
"37","2017","503","0.08517353896901","1"
"38","1960","2890","0.48936685411618","1"
"38","1980","944","0.15984855027186","1"
"38","1990","1944","0.32917964166154","1"
"38","2000","1687","0.28566155117439","1"
"38","2010","331","0.05604859124998","1"
"38","2017","366","0.06197517944862","1"
"39","1960","5500","0.93132100264325","1"
"39","1980","1815","0.30733593087227","1"
"39","1990","4593","0.77773770275281","1"
"39","2000","2569","0.43501157378009","1"
"39","2010","327","0.05537126688442","1"
"39","2017","424","0.07179638274922","1"
"40","1960","3322","0.56251788559652","1"
"40","1980","1054","0.17847497032472","1"
"40","1990","2792","0.47277240715999","1"
"40","2000","2662","0.45075936527933","1"
"40","2010","397","0.0672244432817","1"
"40","2017","364","0.06163651726584","1"
"41","1960","2133","0.36118321793419","1"
"41","1980","1089","0.18440155852336","1"
"41","1990","3572","0.60485065844394","1"
"41","2000","3120","0.52831300513581","1"
"41","2010","582","0.09855069518879","1"
"41","2017","626","0.10600126320994","1"
"42","1960","4693","0.79467081189178","1"
"42","1980","1725","0.2920961326472","1"
"42","1990","6206","1.05086875316437","1"
"42","2000","4107","0.69544279233742","1"
"42","2010","710","0.12022507488667","1"
"42","2017","684","0.11582246651054","1"
"44","1960","167","0.02827829226207","1"
"44","1980","78","0.01320782512839","1"
"44","1990","263","0.04453407703548","1"
"44","2000","98","0.01659444695618","1"
"44","2010","10","0.00169331091389","1"
"44","2017","18","0.00304795964501","1"
"45","1960","3882","0.65734329677475","1"
"45","1980","731","0.12378102780585","1"
"45","1990","1583","0.26805111766986","1"
"45","2000","1068","0.18084560560418","1"
"45","2010","205","0.03471287373488","1"
"45","2017","205","0.03471287373488","1"
"46","1960","3294","0.55777661503761","1"
"46","1980","1058","0.17915229469028","1"
"46","1990","2285","0.38692154382542","1"
"46","2000","2013","0.34086348696743","1"
"46","2010","440","0.07450568021146","1"
"46","2017","355","0.06011253744333","1"
"47","1960","5648","0.95638200416893","1"
"47","1980","1117","0.18914282908227","1"
"47","1990","2673","0.45262200728462","1"
"47","2000","1715","0.2904028217333","1"
"47","2010","246","0.04165544848186","1"
"47","2017","328","0.05554059797581","1"
"48","1960","12601","2.1337410826014","1"
"48","1980","3790","0.64176483636689","1"
"48","1990","12949","2.192668302405","1"
"48","2000","9052","1.53278503925941","1"
"48","2010","1455","0.24637673797198","1"
"48","2017","1293","0.21894510116686","1"
"49","1960","713","0.12073306816084","1"
"49","1980","298","0.05046066523412","1"
"49","1990","1222","0.20692259367819","1"
"49","2000","921","0.15595393516989","1"
"49","2010","154","0.02607698807401","1"
"49","2017","131","0.02218237297204","1"
"50","1960","690","0.11683845305888","1"
"50","1980","244","0.04131678629908","1"
"50","1990","705","0.11937841942972","1"
"50","2000","602","0.10193731701658","1"
"50","2010","99","0.01676377804757","1"
"50","2017","98","0.01659444695618","1"
"51","1960","4570","0.77384308765085","1"
"51","1980","1280","0.21674379697879","1"
"51","1990","2942","0.49817207086844","1"
"51","2000","1796","0.30411864013587","1"
"51","2010","311","0.05266196942219","1"
"51","2017","241","0.04080879302491","1"
"53","1960","2718","0.46024190639715","1"
"53","1980","1511","0.25585927908981","1"
"53","1990","4727","0.80042806899903","1"
"53","2000","4158","0.7040786779983","1"
"53","2010","736","0.1246276832628","1"
"53","2017","743","0.12581300090253","1"
"54","1960","1031","0.17458035522276","1"
"54","1980","230","0.03894615101962","1"
"54","1990","524","0.08872949188819","1"
"54","2000","472","0.07992427513593","1"
"54","2010","61","0.01032919657477","1"
"54","2017","42","0.00711190583836","1"
"55","1960","7456","1.26253261740147","1"
"55","1980","2598","0.43992217543039","1"
"55","1990","8881","1.50382942263177","1"
"55","2000","6190","1.04815945570214","1"
"55","2010","1171","0.19828670801731","1"
"55","2017","1141","0.19320677527562","1"
"56","1960","686","0.11616112869332","1"
"56","1980","259","0.04385675266992","1"
"56","1990","699","0.11836243288138","1"
"56","2000","661","0.11192785140858","1"
"56","2010","96","0.0162557847734","1"
"56","2017","110","0.01862642005286","1"
"1","1960","4252","0.71999580058893","2"
"1","1980","870","0.14731804950902","2"
"1","1990","2073","0.35102335245081","2"
"1","2000","1632","0.27634834114796","2"
"1","2010","232","0.0392848132024","2"
"1","2017","229","0.03877681992823","2"
"2","1960","54","0.00914387893504","2"
"2","1980","103","0.01744110241313","2"
"2","1990","628","0.10633992539272","2"
"2","2000","450","0.07619899112535","2"
"2","2010","50","0.00846655456948","2"
"2","2017","75","0.01269983185422","2"
"4","1960","1440","0.24383677160114","2"
"4","1980","662","0.11209718249997","2"
"4","1990","1885","0.31918910726955","2"
"4","2000","1362","0.23062894647274","2"
"4","2010","213","0.036067522466","2"
"4","2017","222","0.0375915022885","2"
"5","1960","4162","0.70475600236386","2"
"5","1980","1142","0.19337610636701","2"
"5","1990","2538","0.42976230994701","2"
"5","2000","2532","0.42874632339867","2"
"5","2010","375","0.06349915927113","2"
"5","2017","320","0.05418594924469","2"
"6","1960","11646","1.97202989032425","2"
"6","1980","6534","1.10640935114019","2"
"6","1990","20735","3.51108017996508","2"
"6","2000","14596","2.47155660992381","2"
"6","2010","3126","0.52932899168415","2"
"6","2017","3128","0.52966765386692","2"
"8","1960","2165","0.36660181285866","2"
"8","1980","951","0.16103386791158","2"
"8","1990","3099","0.52475705221662","2"
"8","2000","2388","0.40436264623856","2"
"8","2010","381","0.06451514581946","2"
"8","2017","421","0.07128838947505","2"
"9","1960","769","0.13021560927866","2"
"9","1980","289","0.04893668541161","2"
"9","1990","1067","0.18067627451279","2"
"9","2000","337","0.05706457779832","2"
"9","2010","64","0.01083718984893","2"
"9","2017","59","0.00999053439199","2"
"10","1960","400","0.06773243655587","2"
"10","1980","122","0.02065839314954","2"
"10","1990","376","0.06366849036252","2"
"10","2000","188","0.03183424518126","2"
"10","2010","37","0.00626525038141","2"
"10","2017","29","0.0049106016503","2"
"11","1960","46","0.00778923020392","2"
"11","1980","47","0.00795856129531","2"
"11","1990","140","0.02370635279455","2"
"11","2000","26","0.00440260837613","2"
"11","2010","13","0.00220130418806","2"
"11","2017","10","0.00169331091389","2"
"12","1960","4975","0.84242217966367","2"
"12","1980","2858","0.48394825919171","2"
"12","1990","8308","1.40680270726548","2"
"12","2000","4459","0.75504733650659","2"
"12","2010","730","0.12361169671446","2"
"12","2017","729","0.12344236562307","2"
"13","1960","5413","0.91658919769235","2"
"13","1980","1401","0.23723285903694","2"
"13","1990","3823","0.64735276238275","2"
"13","2000","2705","0.45804060220909","2"
"13","2010","377","0.06383782145391","2"
"13","2017","453","0.07670698439952","2"
"15","1960","674","0.11412915559664","2"
"15","1980","329","0.0557099290672","2"
"15","1990","804","0.1361421974773","2"
"15","2000","759","0.12852229836476","2"
"15","2010","91","0.01540912931646","2"
"15","2017","89","0.01507046713368","2"
"16","1960","1847","0.31275452579674","2"
"16","1980","863","0.14613273186929","2"
"16","1990","2192","0.37117375232618","2"
"16","2000","1925","0.32596235092514","2"
"16","2010","385","0.06519247018502","2"
"16","2017","402","0.06807109873865","2"
"17","1960","7679","1.30029345078137","2"
"17","1980","2461","0.41672381591001","2"
"17","1990","6511","1.10251473603822","2"
"17","2000","4108","0.69561212342881","2"
"17","2010","689","0.11666912196749","2"
"17","2017","772","0.13072360255283","2"
"18","1960","4895","0.8288756923525","2"
"18","1980","1461","0.24739272452032","2"
"18","1990","3347","0.56675116288127","2"
"18","2000","1859","0.31478649889342","2"
"18","2010","398","0.06739377437309","2"
"18","2017","302","0.05113798959968","2"
"19","1960","9287","1.57257784573598","2"
"19","1980","2933","0.49664809104594","2"
"19","1990","4883","0.82684371925582","2"
"19","2000","3670","0.62144510540013","2"
"19","2010","707","0.1197170816125","2"
"19","2017","658","0.11141985813441","2"
"20","1960","4564","0.77282710110251","2"
"20","1980","1553","0.26297118492817","2"
"20","1990","3581","0.60637463826645","2"
"20","2000","3197","0.54135149917281","2"
"20","2010","570","0.09651872209211","2"
"20","2017","457","0.07738430876508","2"
"21","1960","5672","0.96044595036228","2"
"21","1980","1353","0.22910496665024","2"
"21","1990","2681","0.45397665601574","2"
"21","2000","1893","0.32054375600067","2"
"21","2010","245","0.04148611739047","2"
"21","2017","237","0.04013146865935","2"
"22","1960","3269","0.55354333775287","2"
"22","1980","792","0.13411022438062","2"
"22","1990","2157","0.36524716412754","2"
"22","2000","1598","0.27059108404071","2"
"22","2010","238","0.04030079975074","2"
"22","2017","178","0.03014093426736","2"
"23","1960","789","0.13360223110646","2"
"23","1980","346","0.05858855762083","2"
"23","1990","934","0.15815523935796","2"
"23","2000","1096","0.18558687616309","2"
"23","2010","217","0.03674484683156","2"
"23","2017","164","0.0277702989879","2"
"24","1960","1714","0.29023349064191","2"
"24","1980","648","0.10972654722051","2"
"24","1990","1882","0.31868111399538","2"
"24","2000","769","0.13021560927866","2"
"24","2010","111","0.01879575114425","2"
"24","2017","130","0.02201304188065","2"
"25","1960","1120","0.18965082235644","2"
"25","1980","427","0.07230437602339","2"
"25","1990","1802","0.3051346266842","2"
"25","2000","641","0.10854122958078","2"
"25","2010","125","0.02116638642371","2"
"25","2017","139","0.02353702170316","2"
"26","1960","3849","0.65175537075889","2"
"26","1980","1423","0.24095814304751","2"
"26","1990","4757","0.80550800174072","2"
"26","2000","3296","0.55811527722039","2"
"26","2010","704","0.11920908833833","2"
"26","2017","644","0.10904922285495","2"
"27","1960","7578","1.28319101055102","2"
"27","1980","2568","0.4348422426887","2"
"27","1990","7965","1.34872214291882","2"
"27","2000","5374","0.90998528512815","2"
"27","2010","1246","0.21098653987154","2"
"27","2017","939","0.15900189481491","2"
"28","1960","5571","0.94334351013192","2"
"28","1980","909","0.15392196207322","2"
"28","1990","1970","0.33358225003767","2"
"28","2000","1694","0.28684686881412","2"
"28","2010","234","0.03962347538518","2"
"28","2017","163","0.02760096789651","2"
"29","1960","6565","1.11165861497327","2"
"29","1980","1961","0.33205827021516","2"
"29","1990","4171","0.70627998218636","2"
"29","2000","3770","0.6383782145391","2"
"29","2010","541","0.09160812044181","2"
"29","2017","574","0.09719604645767","2"
"30","1960","1788","0.30276399140475","2"
"30","1980","758","0.12835296727337","2"
"30","1990","1930","0.32680900638208","2"
"30","2000","1966","0.33290492567211","2"
"30","2010","412","0.06976440965254","2"
"30","2017","380","0.06434581472807","2"
"31","1960","4852","0.82159445542274","2"
"31","1980","1801","0.30496529559281","2"
"31","1990","3848","0.6515860396675","2"
"31","2000","4019","0.68054165629513","2"
"31","2010","575","0.09736537754906","2"
"31","2017","572","0.09685738427489","2"
"32","1960","223","0.03776083337989","2"
"32","1980","141","0.02387568388594","2"
"32","1990","654","0.11074253376885","2"
"32","2000","276","0.04673538122355","2"
"32","2010","49","0.00829722347809","2"
"32","2017","59","0.00999053439199","2"
"33","1960","288","0.04876735432022","2"
"33","1980","123","0.02082772424093","2"
"33","1990","494","0.0836495591465","2"
"33","2000","365","0.06180584835723","2"
"33","2010","66","0.01117585203171","2"
"33","2017","81","0.01371581840256","2"
"34","1960","1545","0.26161653619706","2"
"34","1980","489","0.08280290368955","2"
"34","1990","2101","0.35576462300972","2"
"34","2000","621","0.10515460775299","2"
"34","2010","132","0.02235170406343","2"
"34","2017","158","0.02675431243956","2"
"35","1960","917","0.15527661080433","2"
"35","1980","392","0.06637778782475","2"
"35","1990","1174","0.19879470129148","2"
"35","2000","1091","0.18474022070614","2"
"35","2010","180","0.03047959645014","2"
"35","2017","137","0.02319835952038","2"
"36","1960","5143","0.87086980301714","2"
"36","1980","1804","0.30547328886698","2"
"36","1990","7038","1.19175222120059","2"
"36","2000","4036","0.68342028484876","2"
"36","2010","722","0.12225704798335","2"
"36","2017","671","0.11362116232247","2"
"37","1960","8872","1.50230544280927","2"
"37","1980","1923","0.32562368874236","2"
"37","1990","4414","0.74742743739406","2"
"37","2000","2813","0.47632836007917","2"
"37","2010","541","0.09160812044181","2"
"37","2017","503","0.08517353896901","2"
"38","1960","2890","0.48936685411618","2"
"38","1980","944","0.15984855027186","2"
"38","1990","1944","0.32917964166154","2"
"38","2000","1687","0.28566155117439","2"
"38","2010","331","0.05604859124998","2"
"38","2017","366","0.06197517944862","2"
"39","1960","5500","0.93132100264325","2"
"39","1980","1815","0.30733593087227","2"
"39","1990","4593","0.77773770275281","2"
"39","2000","2569","0.43501157378009","2"
"39","2010","327","0.05537126688442","2"
"39","2017","424","0.07179638274922","2"
"40","1960","3322","0.56251788559652","2"
"40","1980","1054","0.17847497032472","2"
"40","1990","2792","0.47277240715999","2"
"40","2000","2662","0.45075936527933","2"
"40","2010","397","0.0672244432817","2"
"40","2017","364","0.06163651726584","2"
"41","1960","2133","0.36118321793419","2"
"41","1980","1089","0.18440155852336","2"
"41","1990","3572","0.60485065844394","2"
"41","2000","3120","0.52831300513581","2"
"41","2010","582","0.09855069518879","2"
"41","2017","626","0.10600126320994","2"
"42","1960","4693","0.79467081189178","2"
"42","1980","1725","0.2920961326472","2"
"42","1990","6206","1.05086875316437","2"
"42","2000","4107","0.69544279233742","2"
"42","2010","710","0.12022507488667","2"
"42","2017","684","0.11582246651054","2"
"44","1960","167","0.02827829226207","2"
"44","1980","78","0.01320782512839","2"
"44","1990","263","0.04453407703548","2"
"44","2000","98","0.01659444695618","2"
"44","2010","10","0.00169331091389","2"
"44","2017","18","0.00304795964501","2"
"45","1960","3882","0.65734329677475","2"
"45","1980","731","0.12378102780585","2"
"45","1990","1583","0.26805111766986","2"
"45","2000","1068","0.18084560560418","2"
"45","2010","205","0.03471287373488","2"
"45","2017","205","0.03471287373488","2"
"46","1960","3294","0.55777661503761","2"
"46","1980","1058","0.17915229469028","2"
"46","1990","2285","0.38692154382542","2"
"46","2000","2013","0.34086348696743","2"
"46","2010","440","0.07450568021146","2"
"46","2017","355","0.06011253744333","2"
"47","1960","5648","0.95638200416893","2"
"47","1980","1117","0.18914282908227","2"
"47","1990","2673","0.45262200728462","2"
"47","2000","1715","0.2904028217333","2"
"47","2010","246","0.04165544848186","2"
"47","2017","328","0.05554059797581","2"
"48","1960","12601","2.1337410826014","2"
"48","1980","3790","0.64176483636689","2"
"48","1990","12949","2.192668302405","2"
"48","2000","9052","1.53278503925941","2"
"48","2010","1455","0.24637673797198","2"
"48","2017","1293","0.21894510116686","2"
"49","1960","713","0.12073306816084","2"
"49","1980","298","0.05046066523412","2"
"49","1990","1222","0.20692259367819","2"
"49","2000","921","0.15595393516989","2"
"49","2010","154","0.02607698807401","2"
"49","2017","131","0.02218237297204","2"
"50","1960","690","0.11683845305888","2"
"50","1980","244","0.04131678629908","2"
"50","1990","705","0.11937841942972","2"
"50","2000","602","0.10193731701658","2"
"50","2010","99","0.01676377804757","2"
"50","2017","98","0.01659444695618","2"
"51","1960","4570","0.77384308765085","2"
"51","1980","1280","0.21674379697879","2"
"51","1990","2942","0.49817207086844","2"
"51","2000","1796","0.30411864013587","2"
"51","2010","311","0.05266196942219","2"
"51","2017","241","0.04080879302491","2"
"53","1960","2718","0.46024190639715","2"
"53","1980","1511","0.25585927908981","2"
"53","1990","4727","0.80042806899903","2"
"53","2000","4158","0.7040786779983","2"
"53","2010","736","0.1246276832628","2"
"53","2017","743","0.12581300090253","2"
"54","1960","1031","0.17458035522276","2"
"54","1980","230","0.03894615101962","2"
"54","1990","524","0.08872949188819","2"
"54","2000","472","0.07992427513593","2"
"54","2010","61","0.01032919657477","2"
"54","2017","42","0.00711190583836","2"
"55","1960","7456","1.26253261740147","2"
"55","1980","2598","0.43992217543039","2"
"55","1990","8881","1.50382942263177","2"
"55","2000","6190","1.04815945570214","2"
"55","2010","1171","0.19828670801731","2"
"55","2017","1141","0.19320677527562","2"
"56","1960","686","0.11616112869332","2"
"56","1980","259","0.04385675266992","2"
"56","1990","699","0.11836243288138","2"
"56","2000","661","0.11192785140858","2"
"56","2010","96","0.0162557847734","2"
"56","2017","110","0.01862642005286","2"
"1","1960","5348","0.60446317160062","3"
"1","1980","1052","0.11890337631336","3"
"1","1990","3066","0.34653778686004","3"
"1","2000","2804","0.31692496880481","3"
"1","2010","536","0.06058194838779","3"
"1","2015","480","0.05425249109354","3"
"1","2017","507","0.05730419371756","3"
"2","1960","264","0.02983887010145","3"
"2","1980","135","0.01525851312006","3"
"2","1990","435","0.04916632005352","3"
"2","2000","335","0.03786371774237","3"
"2","2010","46","0.00519919706313","3"
"2","2015","65","0.00734669150225","3"
"2","2017","51","0.00576432717868","3"
"4","1960","1887","0.21328010561151","3"
"4","1980","1111","0.12557191167694","3"
"4","1990","4111","0.46464998101162","3"
"4","2000","3210","0.36281353418811","3"
"4","2010","732","0.08273504891766","3"
"4","2015","717","0.08103965857098","3"
"4","2017","838","0.09471580736748","3"
"5","1960","2533","0.28629491654158","3"
"5","1980","595","0.06725048375137","3"
"5","1990","1607","0.18163281914027","3"
"5","2000","1714","0.19372660361321","3"
"5","2010","337","0.03808976978859","3"
"5","2015","307","0.03469898909524","3"
"5","2017","327","0.03695950955748","3"
"6","1960","23205","2.62276886630377","3"
"6","1980","12095","1.36704974953433","3"
"6","1990","37708","4.26198527949075","3"
"6","2000","21980","2.48431198799211","3"
"6","2010","4638","0.52421469519142","3"
"6","2015","4991","0.5641128813498","3"
"6","2017","5030","0.56852089625115","3"
"8","1960","2327","0.2630115557806","3"
"8","1980","1430","0.16162721304953","3"
"8","1990","4495","0.50805197388646","3"
"8","2000","2958","0.33433097636399","3"
"8","2010","650","0.07346691502251","3"
"8","2015","711","0.08036150243232","3"
"8","2017","746","0.08431741324122","3"
"9","1960","2842","0.32121995768305","3"
"9","1980","1356","0.15326328733927","3"
"9","1990","3488","0.39423476861312","3"
"9","2000","2069","0.23385084181782","3"
"9","2010","411","0.04645369549885","3"
"9","2015","405","0.04577553936018","3"
"9","2017","443","0.05007052823842","3"
"10","1960","523","0.05911261008734","3"
"10","1980","205","0.02317033473787","3"
"10","1990","737","0.08330017903322","3"
"10","2000","483","0.05459156916288","3"
"10","2010","104","0.0117547064036","3"
"10","2015","88","0.00994629003381","3"
"10","2017","103","0.01164168038049","3"
"11","1960","2173","0.24560554822142","3"
"11","1980","833","0.09415067725193","3"
"11","1990","1556","0.17586849196158","3"
"11","2000","446","0.05040960630775","3"
"11","2010","88","0.00994629003381","3"
"11","2015","86","0.00972023798759","3"
"11","2017","100","0.01130260231115","3"
"12","1960","10600","1.19807584498254","3"
"12","1980","4198","0.47448324502233","3"
"12","1990","16070","1.81632819140278","3"
"12","2000","10603","1.19841492305188","3"
"12","2010","2461","0.27815704287755","3"
"12","2015","2609","0.29488489429806","3"
"12","2017","2682","0.3031357939852","3"
"13","1960","7335","0.8290458795233","3"
"13","1980","1904","0.21520154800441","3"
"13","1990","6999","0.79106913575781","3"
"13","2000","5385","0.60864513445575","3"
"13","2010","1129","0.12760638009295","3"
"13","2015","1210","0.13676148796498","3"
"13","2017","1229","0.1389089824041","3"
"15","1960","785","0.08872542814257","3"
"15","1980","390","0.0440801490135","3"
"15","1990","1108","0.1252328336076","3"
"15","2000","659","0.07448414923051","3"
"15","2010","172","0.01944047597518","3"
"15","2015","166","0.01876231983651","3"
"15","2017","174","0.01966652802141","3"
"16","1960","810","0.09155107872036","3"
"16","1980","405","0.04577553936018","3"
"16","1990","774","0.08748214188834","3"
"16","2000","800","0.09042081848924","3"
"16","2010","173","0.0195535019983","3"
"16","2015","209","0.02362243883031","3"
"16","2017","214","0.02418756894587","3"
"17","1960","11949","1.35054795016004","3"
"17","1980","4539","0.51302511890337","3"
"17","1990","12026","1.35925095393963","3"
"17","2000","7769","0.87809917355371","3"
"17","2010","1569","0.17733783026203","3"
"17","2015","1536","0.17360797149935","3"
"17","2017","1591","0.17982440277049","3"
"18","1960","4893","0.55303633108486","3"
"18","1980","1491","0.16852180045933","3"
"18","1990","4803","0.54286398900482","3"
"18","2000","4030","0.45549487313959","3"
"18","2010","782","0.08838635007324","3"
"18","2015","765","0.08646490768034","3"
"18","2017","809","0.09143805269725","3"
"19","1960","2918","0.32980993543953","3"
"19","1980","821","0.09279436497459","3"
"19","1990","2281","0.25781235871747","3"
"19","2000","2152","0.24323200173607","3"
"19","2010","413","0.04667974754507","3"
"19","2015","399","0.04509738322151","3"
"19","2017","414","0.04679277356818","3"
"20","1960","2426","0.27420113206864","3"
"20","1980","729","0.08239597084832","3"
"20","1990","2057","0.23249452954048","3"
"20","2000","1841","0.20808090854838","3"
"20","2010","387","0.04374107094417","3"
"20","2015","363","0.04102844638949","3"
"20","2017","365","0.04125449843571","3"
"21","1960","3271","0.36970812159791","3"
"21","1980","882","0.09968895238439","3"
"21","1990","2846","0.3216720617755","3"
"21","2000","2538","0.28686004665714","3"
"21","2010","532","0.06012984429535","3"
"21","2015","497","0.05617393348644","3"
"21","2017","499","0.05639998553266","3"
"22","1960","5452","0.61621787800423","3"
"22","1980","1249","0.14116950286633","3"
"22","1990","3295","0.37242074615259","3"
"22","2000","2889","0.3265321807693","3"
"22","2010","582","0.06578114545092","3"
"22","2015","542","0.06126010452646","3"
"22","2017","544","0.06148615657268","3"
"23","1960","1064","0.1202596885907","3"
"23","1980","273","0.03085610430945","3"
"23","1990","959","0.10839195616398","3"
"23","2000","781","0.08827332405012","3"
"23","2010","151","0.01706692948984","3"
"23","2015","151","0.01706692948984","3"
"23","2017","157","0.01774508562851","3"
"24","1960","3707","0.41898746767455","3"
"24","1980","1808","0.2043510497857","3"
"24","1990","5996","0.67770403457692","3"
"24","2000","3285","0.37129048592147","3"
"24","2010","670","0.07572743548474","3"
"24","2015","665","0.07516230536918","3"
"24","2017","728","0.08228294482521","3"
"25","1960","6011","0.67939942492359","3"
"25","1980","2460","0.27804401685444","3"
"25","1990","7143","0.80734488308588","3"
"25","2000","4045","0.45719026348626","3"
"25","2010","808","0.09132502667414","3"
"25","2015","818","0.09245528690525","3"
"25","2017","825","0.09324646906703","3"
"26","1960","8198","0.92658733746857","3"
"26","1980","2758","0.31172577174168","3"
"26","1990","8401","0.94953162016022","3"
"26","2000","6440","0.72788758883845","3"
"26","2010","1137","0.12851058827784","3"
"26","2015","1167","0.13190136897119","3"
"26","2017","1238","0.13992621661211","3"
"27","1960","3548","0.40101632999981","3"
"27","1980","1567","0.17711177821581","3"
"27","1990","4345","0.49109807041973","3"
"27","2000","3402","0.38451453062553","3"
"27","2010","712","0.08047452845543","3"
"27","2015","702","0.07934426822431","3"
"27","2017","705","0.07968334629365","3"
"28","1960","3573","0.4038419805776","3"
"28","1980","539","0.06092102645713","3"
"28","1990","1570","0.17745085628515","3"
"28","2000","1544","0.17451217968425","3"
"28","2010","300","0.03390780693346","3"
"28","2015","297","0.03356872886413","3"
"28","2017","307","0.03469898909524","3"
"29","1960","5378","0.60785395229397","3"
"29","1980","1791","0.2024296073928","3"
"29","1990","4735","0.53517821943324","3"
"29","2000","3917","0.44272293252798","3"
"29","2010","761","0.08601280358789","3"
"29","2015","701","0.0792312422012","3"
"29","2017","773","0.08736911586523","3"
"30","1960","726","0.08205689277899","3"
"30","1980","221","0.02497875110765","3"
"30","1990","591","0.06679837965893","3"
"30","2000","630","0.07120639456028","3"
"30","2010","102","0.01152865435737","3"
"30","2015","120","0.01356312277338","3"
"30","2017","114","0.01288496663471","3"
"31","1960","1713","0.1936135775901","3"
"31","1980","532","0.06012984429535","3"
"31","1990","1568","0.17722480423892","3"
"31","2000","1264","0.14286489321301","3"
"31","2010","242","0.02735229759299","3"
"31","2015","225","0.0254308552001","3"
"31","2017","273","0.03085610430945","3"
"32","1960","945","0.10680959184042","3"
"32","1980","384","0.04340199287483","3"
"32","1990","1326","0.14987250664593","3"
"32","2000","1302","0.14715988209125","3"
"32","2010","359","0.04057634229705","3"
"32","2015","357","0.04035029025082","3"
"32","2017","400","0.04521040924462","3"
"33","1960","689","0.07787492992386","3"
"33","1980","285","0.03221241658679","3"
"33","1990","1117","0.12625006781561","3"
"33","2000","834","0.09426370327504","3"
"33","2010","165","0.0186492938134","3"
"33","2015","182","0.0205707362063","3"
"33","2017","176","0.01989258006763","3"
"34","1960","7208","0.81469157458813","3"
"34","1980","3519","0.39773857532958","3"
"34","1990","9487","1.07227788125938","3"
"34","2000","5019","0.56727760999692","3"
"34","2010","998","0.11279997106533","3"
"34","2015","977","0.11042642457999","3"
"34","2017","998","0.11279997106533","3"
"35","1960","1479","0.16716548818199","3"
"35","1980","761","0.08601280358789","3"
"35","1990","1384","0.1564280159864","3"
"35","2000","1104","0.12478072951516","3"
"35","2010","203","0.02294428269164","3"
"35","2015","214","0.02418756894587","3"
"35","2017","214","0.02418756894587","3"
"36","1960","26397","2.98354793207588","3"
"36","1980","8403","0.94975767220644","3"
"36","1990","20659","2.33500461146174","3"
"36","2000","10970","1.23989547353382","3"
"36","2010","2178","0.24617067833698","3"
"36","2015","2247","0.25396947393167","3"
"36","2017","2343","0.26481997215038","3"
"37","1960","6618","0.74800622095231","3"
"37","1980","1633","0.18457149574117","3"
"37","1990","5933","0.67058339512089","3"
"37","2000","5380","0.60808000434019","3"
"37","2010","1162","0.13133623885563","3"
"37","2015","1142","0.1290757183934","3"
"37","2017","1298","0.1467077779988","3"
"38","1960","621","0.07018916035227","3"
"38","1980","158","0.01785811165162","3"
"38","1990","413","0.04667974754507","3"
"38","2000","456","0.05153986653887","3"
"38","2010","124","0.01401522686583","3"
"38","2015","110","0.01243286254227","3"
"38","2017","109","0.01231983651916","3"
"39","1960","10484","1.1849648263016","3"
"39","1980","3526","0.39852975749136","3"
"39","1990","9810","1.10878528672441","3"
"39","2000","7209","0.81480460061124","3"
"39","2010","1411","0.15947971861041","3"
"39","2015","1387","0.15676709405573","3"
"39","2017","1454","0.16433983760421","3"
"40","1960","3086","0.34879830732227","3"
"40","1980","1154","0.13043203067074","3"
"40","1990","2705","0.30573539251677","3"
"40","2000","2393","0.27047127330596","3"
"40","2010","459","0.0518789446082","3"
"40","2015","469","0.05300920483932","3"
"40","2017","480","0.05425249109354","3"
"41","1960","2256","0.25498670813968","3"
"41","1980","918","0.10375788921641","3"
"41","1990","2678","0.30268368989276","3"
"41","2000","2227","0.25170895346944","3"
"41","2010","480","0.05425249109354","3"
"41","2015","439","0.04961842414597","3"
"41","2017","470","0.05312223086243","3"
"42","1960","12664","1.43136155668481","3"
"42","1980","4147","0.46871891784364","3"
"42","1990","10831","1.22418485632131","3"
"42","2000","8063","0.91132882434851","3"
"42","2010","1546","0.17473823173047","3"
"42","2015","1565","0.17688572616959","3"
"42","2017","1600","0.18084163697849","3"
"44","1960","875","0.09889777022261","3"
"44","1980","332","0.03752463967303","3"
"44","1990","850","0.09607211964482","3"
"44","2000","643","0.07267573286073","3"
"44","2010","121","0.01367614879649","3"
"44","2015","113","0.0127719406116","3"
"44","2017","124","0.01401522686583","3"
"45","1960","3847","0.43481111091017","3"
"45","1980","783","0.08849937609635","3"
"45","1990","2725","0.307995912979","3"
"45","2000","2499","0.28245203175579","3"
"45","2010","533","0.06024287031846","3"
"45","2015","548","0.06193826066513","3"
"45","2017","603","0.06815469193627","3"
"46","1960","735","0.08307412698699","3"
"46","1980","158","0.01785811165162","3"
"46","1990","477","0.05391341302421","3"
"46","2000","513","0.05798234985623","3"
"46","2010","114","0.01288496663471","3"
"46","2015","107","0.01209378447293","3"
"46","2017","102","0.01152865435737","3"
"47","1960","5554","0.62774653236161","3"
"47","1980","1535","0.17349494547624","3"
"47","1990","4371","0.49403674702063","3"
"47","2000","3794","0.42882073168526","3"
"47","2010","750","0.08476951733367","3"
"47","2015","826","0.09335949509014","3"
"47","2017","825","0.09324646906703","3"
"48","1960","15838","1.7901061540409","3"
"48","1980","6147","0.69477096406676","3"
"48","1990","20174","2.28018699025263","3"
"48","2000","14581","1.64803244298967","3"
"48","2010","3265","0.36902996545924","3"
"48","2015","3416","0.38609689494909","3"
"48","2017","3671","0.41491853084254","3"
"49","1960","870","0.09833264010705","3"
"49","1980","463","0.05233104870065","3"
"49","1990","1579","0.17846809049315","3"
"49","2000","1493","0.16874785250556","3"
"49","2010","370","0.04181962855127","3"
"49","2015","396","0.04475830515217","3"
"49","2017","385","0.04351501889795","3"
"50","1960","550","0.06216431271135","3"
"50","1980","127","0.01435430493516","3"
"50","1990","465","0.05255710074687","3"
"50","2000","424","0.0479230337993","3"
"50","2010","82","0.00926813389514","3"
"50","2015","70","0.0079118216178","3"
"50","2017","72","0.00813787366403","3"
"51","1960","5480","0.61938260665135","3"
"51","1980","2193","0.24786606868365","3"
"51","1990","6805","0.76914208727417","3"
"51","2000","4591","0.51890247210517","3"
"51","2010","985","0.11133063276488","3"
"51","2015","1049","0.11856429824402","3"
"51","2017","1021","0.1153995695969","3"
"53","1960","3260","0.36846483534368","3"
"53","1980","1827","0.20649854422482","3"
"53","1990","4850","0.54817621209107","3"
"53","2000","3584","0.40508526683183","3"
"53","2010","782","0.08838635007324","3"
"53","2015","877","0.09912382226883","3"
"53","2017","878","0.09923684829195","3"
"54","1960","1753","0.19813461851456","3"
"54","1980","390","0.0440801490135","3"
"54","1990","1008","0.11393023129645","3"
"54","2000","1032","0.11664285585113","3"
"54","2010","181","0.02045771018319","3"
"54","2015","170","0.01921442392896","3"
"54","2017","192","0.02170099643741","3"
"55","1960","3710","0.41932654574389","3"
"55","1980","1363","0.15405446950105","3"
"55","1990","3692","0.41729207732788","3"
"55","2000","3305","0.3735510063837","3"
"55","2010","656","0.07414507116118","3"
"55","2015","730","0.08250899687143","3"
"55","2017","631","0.07131942058339","3"
"56","1960","447","0.05052263233086","3"
"56","1980","137","0.01548456516628","3"
"56","1990","337","0.03808976978859","3"
"56","2000","377","0.04261081071305","3"
"56","2010","75","0.00847695173336","3"
"56","2015","86","0.00972023798759","3"
"56","2017","78","0.0088160298027","3"
"1","1960","4883","0.15893299101278","4"
"1","1980","6311","0.20541185875111","4"
"1","1990","16797","0.54671256400608","4"
"1","2000","6002","0.19535445669849","4"
"1","2010","1745","0.0567966556046","4"
"1","2015","1728","0.05624333575058","4"
"1","2017","1781","0.05796839176607","4"
"2","1960","412","0.01340986940349","4"
"2","1980","794","0.02584329200576","4"
"2","1990","3075","0.1000857971256","4"
"2","2000","834","0.02714522107406","4"
"2","2010","219","0.00712806164894","4"
"2","2015","183","0.00595632548747","4"
"2","2017","175","0.00569593967381","4"
"4","1960","2595","0.08446264830599","4"
"4","1980","4973","0.16186233141645","4"
"4","1990","16679","0.5428718732546","4"
"4","2000","10596","0.3448810101928","4"
"4","2010","2881","0.09377144114434","4"
"4","2015","3159","0.10281984816903","4"
"4","2017","3415","0.11115219420615","4"
"5","1960","2657","0.08648063836186","4"
"5","1980","3718","0.12101430689853","4"
"5","1990","9581","0.31184456008467","4"
"5","2000","2829","0.09207893335555","4"
"5","2010","747","0.02431352535051","4"
"5","2015","767","0.02496448988466","4"
"5","2017","889","0.02893537354297","4"
"6","1960","33121","1.07802981677952","4"
"6","1980","46198","1.50366297743366","4"
"6","1990","142418","4.63545335123051","4"
"6","2000","81292","2.6459104455071","4"
"6","2010","19205","0.62508869391777","4"
"6","2015","22119","0.71993422654346","4"
"6","2017","23631","0.76914714532522","4"
"8","1960","4045","0.13165757703188","4"
"8","1980","6061","0.19727480207423","4"
"8","1990","18506","0.60233748344922","4"
"8","2000","11653","0.37928448582264","4"
"8","2010","3056","0.09946738081815","4"
"8","2015","3738","0.12166527143268","4"
"8","2017","3889","0.12658005366551","4"
"9","1960","5617","0.18282338941609","4"
"9","1980","6683","0.2175197990863","4"
"9","1990","19463","0.63348613640831","4"
"9","2000","8009","0.26067874770046","4"
"9","2010","1836","0.05975854423499","4"
"9","2015","1860","0.06053970167597","4"
"9","2017","1965","0.06395726548026","4"
"10","1960","859","0.02795892674175","4"
"10","1980","1279","0.0416291819589","4"
"10","1990","3671","0.11948454024327","4"
"10","2000","1775","0.05777310240583","4"
"10","2010","336","0.01093620417372","4"
"10","2015","445","0.01448396088484","4"
"10","2017","428","0.01393064103081","4"
"11","1960","3375","0.10985026513785","4"
"11","1980","3761","0.12241388064695","4"
"11","1990","10656","0.34683390379525","4"
"11","2000","5710","0.18585037449989","4"
"11","2010","1638","0.0533139953469","4"
"11","2015","1793","0.05835897048656","4"
"11","2017","1800","0.05858680807352","4"
"12","1960","8636","0.28108648584607","4"
"12","1980","16425","0.53460462367089","4"
"12","1990","61227","1.99283027662086","4"
"12","2000","34995","1.1390251936294","4"
"12","2010","9481","0.30858973741392","4"
"12","2015","10910","0.35510115337896","4"
"12","2017","11434","0.37215642417369","4"
"13","1960","6152","0.20023669070461","4"
"13","1980","9521","0.30989166648222","4"
"13","1990","30469","0.99171191955119","4"
"13","2000","15807","0.51448981956565","4"
"13","2010","4373","0.14233339539195","4"
"13","2015","4967","0.16166704205621","4"
"13","2017","5354","0.17426320579202","4"
"15","1960","1208","0.03931825786267","4"
"15","1980","1614","0.05253283790592","4"
"15","1990","5174","0.16840452498466","4"
"15","2000","2361","0.07684636325643","4"
"15","2010","567","0.01845484454315","4"
"15","2015","660","0.02148182962695","4"
"15","2017","694","0.02258846933501","4"
"16","1960","1193","0.03883003446206","4"
"16","1980","1506","0.04901762942151","4"
"16","1990","4410","0.14353767978013","4"
"16","2000","2005","0.06525919454856","4"
"16","2010","616","0.02004970765182","4"
"16","2015","602","0.01959403247792","4"
"16","2017","650","0.02115634735988","4"
"17","1960","19571","0.63700134489272","4"
"17","1980","21976","0.71527983012429","4"
"17","1990","59072","1.92268884806617","4"
"17","2000","25727","0.83736822850417","4"
"17","2010","6016","0.19581013187239","4"
"17","2015","6600","0.21481829626958","4"
"17","2017","6678","0.21735705795276","4"
"18","1960","8505","0.27682266814739","4"
"18","1980","10050","0.3271096784105","4"
"18","1990","26765","0.87115328782657","4"
"18","2000","8022","0.26110187464766","4"
"18","2010","2033","0.06617054489637","4"
"18","2015","2254","0.07336370299873","4"
"18","2017","2517","0.0819238866228","4"
"19","1960","6090","0.19821870064875","4"
"19","1980","6117","0.19909750276985","4"
"19","1990","15458","0.50313048844472","4"
"19","2000","3913","0.12736121110649","4"
"19","2010","895","0.02913066290322","4"
"19","2015","982","0.03196235862677","4"
"19","2017","1052","0.0342407344963","4"
"20","1960","4713","0.1533997924725","4"
"20","1980","5188","0.16886020015857","4"
"20","1990","13687","0.44548757894572","4"
"20","2000","3830","0.12465970828977","4"
"20","2010","984","0.03202745508019","4"
"20","2015","1134","0.03690968908631","4"
"20","2017","1133","0.03687714085961","4"
"21","1960","4461","0.14519763934221","4"
"21","1980","5919","0.19265295388176","4"
"21","1990","16085","0.52353822659033","4"
"21","2000","5073","0.16511715408721","4"
"21","2010","1328","0.04322404506757","4"
"21","2015","1494","0.04862705070102","4"
"21","2017","1613","0.05250028967921","4"
"22","1960","5499","0.17898269866461","4"
"22","1980","7063","0.22988812523516","4"
"22","1990","19439","0.63270497896733","4"
"22","2000","6317","0.20560714811135","4"
"22","2010","1485","0.04833411666065","4"
"22","2015","1710","0.05565746766984","4"
"22","2017","1767","0.05751271659217","4"
"23","1960","1704","0.0554621783096","4"
"23","1980","2240","0.07290802782482","4"
"23","1990","6594","0.21462300690933","4"
"23","2000","1804","0.05871700098035","4"
"23","2010","432","0.01406083393764","4"
"23","2015","439","0.01428867152459","4"
"23","2017","506","0.016469402714","4"
"24","1960","5893","0.19180669998737","4"
"24","1980","8500","0.27665992701385","4"
"24","1990","27073","0.88117814165248","4"
"24","2000","13049","0.42472181030633","4"
"24","2010","3577","0.11642500693277","4"
"24","2015","3900","0.12693808415929","4"
"24","2017","4212","0.13709313089204","4"
"25","1960","12673","0.4124836770643","4"
"25","1980","14889","0.48461054744815","4"
"25","1990","41782","1.35993000829328","4"
"25","2000","17809","0.57965136943409","4"
"25","2010","4198","0.13663745571813","4"
"25","2015","4841","0.15756596549106","4"
"25","2017","5075","0.16518225054062","4"
"26","1960","15241","0.49606752324919","4"
"26","1980","18149","0.59071776651464","4"
"26","1990","43727","1.4232363092394","4"
"26","2000","15748","0.5125694741899","4"
"26","2010","3295","0.10724640700125","4"
"26","2015","3812","0.12407384020903","4"
"26","2017","3984","0.12967213520272","4"
"27","1960","7655","0.249156675446","4"
"27","1980","9360","0.30465140198231","4"
"27","1990","25410","0.82705044063789","4"
"27","2000","9133","0.29726295451971","4"
"27","2010","2052","0.06678896120381","4"
"27","2015","2150","0.06997868742115","4"
"27","2017","2335","0.07600010936204","4"
"28","1960","3077","0.10015089357901","4"
"28","1980","4187","0.13627942522435","4"
"28","1990","10809","0.3518137824815","4"
"28","2000","2552","0.08306307455757","4"
"28","2010","628","0.02044028637231","4"
"28","2015","700","0.02278375869525","4"
"28","2017","798","0.02597348491259","4"
"29","1960","8225","0.26770916466929","4"
"29","1980","9693","0.31548996147591","4"
"29","1990","25950","0.84462648305995","4"
"29","2000","8838","0.28766122764099","4"
"29","2010","2322","0.07557698241484","4"
"29","2015","2570","0.0836489426383","4"
"29","2017","2602","0.08469048589294","4"
"30","1960","1419","0.04618593369796","4"
"30","1980","1677","0.05458337618849","4"
"30","1990","4060","0.1321458004325","4"
"30","2000","1195","0.03889513091547","4"
"30","2010","334","0.0108711077203","4"
"30","2015","320","0.0104154325464","4"
"30","2017","370","0.01204284388177","4"
"31","1960","3047","0.09917444677779","4"
"31","1980","3380","0.11001300627139","4"
"31","1990","8394","0.27320981498286","4"
"31","2000","2517","0.0819238866228","4"
"31","2010","650","0.02115634735988","4"
"31","2015","717","0.02333707854928","4"
"31","2017","791","0.02574564732564","4"
"32","1960","483","0.01572079349972","4"
"32","1980","1221","0.03974138480987","4"
"32","1990","4705","0.15313940665884","4"
"32","2000","3886","0.12648240898539","4"
"32","2010","1218","0.03964374012975","4"
"32","2015","1355","0.04410284718867","4"
"32","2017","1400","0.04556751739051","4"
"33","1960","1355","0.04410284718867","4"
"33","1980","1881","0.06122321443683","4"
"33","1990","5927","0.19291333969542","4"
"33","2000","2383","0.077562424244","4"
"33","2010","573","0.0186501339034","4"
"33","2015","641","0.02086341331951","4"
"33","2017","726","0.02363001258965","4"
"34","1960","10404","0.33863175066496","4"
"34","1980","13609","0.44294881726253","4"
"34","1990","42660","1.38850735134248","4"
"34","2000","19504","0.63482061370332","4"
"34","2010","4307","0.14018521242925","4"
"34","2015","4780","0.1555805236619","4"
"34","2017","5054","0.16449873777976","4"
"35","1960","1830","0.05956325487474","4"
"35","1980","2463","0.0801662823806","4"
"35","1990","8209","0.26718839304197","4"
"35","2000","3182","0.1035684573833","4"
"35","2010","867","0.02821931255541","4"
"35","2015","910","0.02961888630383","4"
"35","2017","956","0.03111610473238","4"
"36","1960","39642","1.29027680313921","4"
"36","1980","39589","1.28855174712371","4"
"36","1990","113430","3.69194535543314","4"
"36","2000","41227","1.34186574247061","4"
"36","2010","9603","0.31256062107224","4"
"36","2015","10905","0.35493841224542","4"
"36","2017","11581","0.3769410134997","4"
"37","1960","7192","0.23408684648043","4"
"37","1980","10640","0.34631313216793","4"
"37","1990","31951","1.03994839153173","4"
"37","2000","13587","0.44223275627497","4"
"37","2010","3861","0.1256687033177","4"
"37","2015","4576","0.14894068541357","4"
"37","2017","5015","0.16322935693817","4"
"38","1960","1254","0.04081547629122","4"
"38","1980","1460","0.04752041099296","4"
"38","1990","3672","0.11951708846998","4"
"38","2000","826","0.0268848352604","4"
"38","2010","220","0.00716060987565","4"
"38","2015","273","0.00888566589115","4"
"38","2017","214","0.0069653205154","4"
"39","1960","18007","0.58609591832217","4"
"39","1980","20641","0.67182794746976","4"
"39","1990","54211","1.76447191804096","4"
"39","2000","20229","0.65841807806627","4"
"39","2010","4579","0.14903833009369","4"
"39","2015","4958","0.16137410801584","4"
"39","2017","5313","0.17292872849701","4"
"40","1960","4590","0.14939636058748","4"
"40","1980","5703","0.18562253691294","4"
"40","1990","14852","0.48340626305997","4"
"40","2000","4582","0.14913597477382","4"
"40","2010","1141","0.03713752667327","4"
"40","2015","1171","0.03811397347449","4"
"40","2017","1222","0.03977393303658","4"
"41","1960","3921","0.12762159692015","4"
"41","1980","5377","0.17501181500629","4"
"41","1990","13999","0.45564262567846","4"
"41","2000","6781","0.22070952530364","4"
"41","2010","1636","0.05324889889349","4"
"41","2015","2016","0.06561722504234","4"
"41","2017","2107","0.06857911367272","4"
"42","1960","20954","0.68201554242921","4"
"42","1980","22805","0.74226231006482","4"
"42","1990","60979","1.9847583163974","4"
"42","2000","21070","0.68579113672728","4"
"42","2010","4944","0.16091843284194","4"
"42","2015","5599","0.18223752133536","4"
"42","2017","5912","0.19242511629481","4"
"44","1960","1664","0.0541602492413","4"
"44","1980","2035","0.06623564134978","4"
"44","1990","5559","0.18093559226706","4"
"44","2000","1967","0.06402236193367","4"
"44","2010","465","0.01513492541899","4"
"44","2015","479","0.01559060059289","4"
"44","2017","531","0.01728310838168","4"
"45","1960","3489","0.11356076298251","4"
"45","1980","5141","0.16733043350332","4"
"45","1990","14570","0.47422766312845","4"
"45","2000","5497","0.17891760221119","4"
"45","2010","1726","0.05617823929716","4"
"45","2015","2049","0.06669131652369","4"
"45","2017","2160","0.07030416968822","4"
"46","1960","1390","0.04524203512344","4"
"46","1980","1408","0.04582790320417","4"
"46","1990","3663","0.11922415442961","4"
"46","2000","798","0.02597348491259","4"
"46","2010","194","0.00631435598125","4"
"46","2015","246","0.00800686377004","4"
"46","2017","239","0.00777902618309","4"
"47","1960","6001","0.19532190847178","4"
"47","1980","8010","0.26071129592717","4"
"47","1990","22324","0.7266066130185","4"
"47","2000","9123","0.29693747225263","4"
"47","2010","2402","0.07818084055144","4"
"47","2015","2902","0.0944549539052","4"
"47","2017","2917","0.09494317730581","4"
"48","1960","17193","0.55960166178226","4"
"48","1980","26027","0.84713269651642","4"
"48","1990","84520","2.75097612131895","4"
"48","2000","39124","1.27341682170471","4"
"48","2010","11165","0.36340095118937","4"
"48","2015","13116","0.42690254149573","4"
"48","2017","13787","0.44874240161647","4"
"49","1960","1927","0.06272043286537","4"
"49","1980","2681","0.08726179580284","4"
"49","1990","8305","0.27031302280589","4"
"49","2000","4262","0.13872054222741","4"
"49","2010","1305","0.0424754358533","4"
"49","2015","1496","0.04869214715443","4"
"49","2017","1728","0.05624333575058","4"
"50","1960","909","0.02958633807712","4"
"50","1980","1172","0.0381465217012","4"
"50","1990","3298","0.10734405168137","4"
"50","2000","1001","0.03258077493422","4"
"50","2010","268","0.00872292475761","4"
"50","2015","275","0.00895076234456","4"
"50","2017","316","0.01028523963957","4"
"51","1960","6442","0.20967567644979","4"
"51","1980","10117","0.3292904095999","4"
"51","1990","30363","0.9882618075202","4"
"51","2000","17603","0.57294643473234","4"
"51","2010","5268","0.17146405829517","4"
"51","2015","5965","0.19415017231031","4"
"51","2017","6441","0.20964312822308","4"
"53","1960","6144","0.19997630489095","4"
"53","1980","8051","0.26204577322218","4"
"53","1990","24361","0.79290735082171","4"
"53","2000","12199","0.39705581760494","4"
"53","2010","3480","0.11326782894214","4"
"53","2015","3963","0.12898862244187","4"
"53","2017","4292","0.13969698902864","4"
"54","1960","3155","0.1026896552622","4"
"54","1980","3229","0.10509822403855","4"
"54","1990","7835","0.25501535625336","4"
"54","2000","2250","0.0732335100919","4"
"54","2010","529","0.01721801192827","4"
"54","2015","535","0.01741330128851","4"
"54","2017","529","0.01721801192827","4"
"55","1960","7561","0.2460971421355","4"
"55","1980","9755","0.31750795153178","4"
"55","1990","24033","0.78223153246164","4"
"55","2000","7304","0.23773224787167","4"
"55","2010","1928","0.06275298109208","4"
"55","2015","1999","0.06506390518831","4"
"55","2017","2010","0.0654219356821","4"
"56","1960","674","0.02193750480086","4"
"56","1980","887","0.02887027708956","4"
"56","1990","2379","0.07743223133717","4"
"56","2000","613","0.0199520629717","4"
"56","2010","181","0.00589122903405","4"
"56","2015","178","0.00579358435393","4"
"56","2017","176","0.00572848790052","4"
"1","1960","3530","0.32251315405987","5"
"1","1980","2131","0.19469561793246","5"
"1","1990","4191","0.38290442738383","5"
"1","2000","4632","0.42319573076638","5"
"1","2010","1172","0.10707802168786","5"
"1","2015","992","0.0906325917358","5"
"1","2017","1057","0.09657121921849","5"
"2","1960","1985","0.18135654697134","5"
"2","1980","588","0.0537217378434","5"
"2","1990","1519","0.13878115609545","5"
"2","2000","1570","0.14344069458187","5"
"2","2010","412","0.03764176189027","5"
"2","2015","376","0.03435267589986","5"
"2","2017","362","0.03307358690359","5"
"4","1960","1898","0.17340792249451","5"
"4","1980","1667","0.15230295405603","5"
"4","1990","4213","0.38491442437797","5"
"4","2000","6161","0.56289052185917","5"
"4","2010","1612","0.14727796157068","5"
"4","2015","1479","0.1351266161061","5"
"4","2017","1500","0.13704524960051","5"
"5","1960","1119","0.10223575620198","5"
"5","1980","784","0.0716289837912","5"
"5","1990","1767","0.1614393040294","5"
"5","2000","2402","0.21945512636028","5"
"5","2010","615","0.05618855233621","5"
"5","2015","569","0.05198583134846","5"
"5","2017","592","0.05408719184233","5"
"6","1960","25095","2.29276702581658","5"
"6","1980","12110","1.1064119817748","5"
"6","1990","29493","2.69458369764528","5"
"6","2000","32235","2.94510241391502","5"
"6","2010","7763","0.70925484843252","5"
"6","2015","7657","0.69957031746075","5"
"6","2017","7855","0.71766029040802","5"
"8","1960","2844","0.25983779324257","5"
"8","1980","1781","0.16271839302567","5"
"8","1990","4170","0.38098579388942","5"
"8","2000","5071","0.46330430714946","5"
"8","2010","1302","0.11895527665324","5"
"8","2015","1208","0.11036710767827","5"
"8","2017","1431","0.13074116811888","5"
"9","1960","1699","0.15522658604751","5"
"9","1980","1325","0.12105663714711","5"
"9","1990","2964","0.27080141321061","5"
"9","2000","3338","0.304971362111","5"
"9","2010","674","0.06157899882049","5"
"9","2015","659","0.06020854632449","5"
"9","2017","624","0.05701082383381","5"
"10","1960","577","0.05271673934633","5"
"10","1980","316","0.02887086591584","5"
"10","1990","765","0.06989307729626","5"
"10","2000","963","0.08798305024352","5"
"10","2010","226","0.02064815093981","5"
"10","2015","234","0.02137905893768","5"
"10","2017","221","0.02019133344114","5"
"11","1960","8961","0.81870832111346","5"
"11","1980","4842","0.44238206571045","5"
"11","1990","9230","0.84328510254182","5"
"11","2000","7602","0.6945453249754","5"
"11","2010","2154","0.19679697842633","5"
"11","2015","2190","0.20008606441674","5"
"11","2017","2202","0.20118242641355","5"
"12","1960","6763","0.61789134869884","5"
"12","1980","4827","0.44101161321445","5"
"12","1990","14671","1.34039390459275","5"
"12","2000","18040","1.6481975351955","5"
"12","2010","4209","0.38454897037903","5"
"12","2015","3819","0.3489172054829","5"
"12","2017","3999","0.36536263543496","5"
"13","1960","5995","0.54772418090338","5"
"13","1980","3049","0.27856731068797","5"
"13","1990","8264","0.75502796179909","5"
"13","2000","9691","0.88540367591904","5"
"13","2010","2455","0.22429739184617","5"
"13","2015","2186","0.19972061041781","5"
"13","2017","2242","0.2048369664029","5"
"15","1960","2867","0.26193915373644","5"
"15","1980","913","0.08341487525684","5"
"15","1990","2101","0.19195471294045","5"
"15","2000","1981","0.18099109297241","5"
"15","2010","536","0.04897083585725","5"
"15","2015","571","0.05216855834792","5"
"15","2017","582","0.05317355684499","5"
"16","1960","632","0.05774173183168","5"
"16","1980","502","0.0458644768663","5"
"16","1990","1048","0.09574894772089","5"
"16","2000","1403","0.12818299012634","5"
"16","2010","369","0.03371313140172","5"
"16","2015","344","0.03142904390838","5"
"16","2017","408","0.03727630789133","5"
"17","1960","6710","0.61304908321296","5"
"17","1980","4837","0.44192524821178","5"
"17","1990","10553","0.96415901268947","5"
"17","2000","11514","1.05195933593353","5"
"17","2010","2511","0.22941374783125","5"
"17","2015","2278","0.20812605239331","5"
"17","2017","2332","0.21305968137893","5"
"18","1960","2612","0.23864146130436","5"
"18","1980","1855","0.16947929200596","5"
"18","1990","4021","0.3673726324291","5"
"18","2000","4934","0.45078750768595","5"
"18","2010","1055","0.09638849221902","5"
"18","2015","1009","0.09218577123127","5"
"18","2017","1073","0.09803303521423","5"
"19","1960","1114","0.10177893870331","5"
"19","1980","1064","0.09721076371663","5"
"19","1990","2055","0.1877519919527","5"
"19","2000","2307","0.21077559388558","5"
"19","2010","490","0.0447681148695","5"
"19","2015","494","0.04513356886843","5"
"19","2017","504","0.04604720386577","5"
"20","1960","2715","0.24805190177692","5"
"20","1980","1012","0.09245986173047","5"
"20","1990","2509","0.22923102083179","5"
"20","2000","2909","0.26577642072526","5"
"20","2010","644","0.05883809382848","5"
"20","2015","591","0.0539958283426","5"
"20","2017","668","0.06103081782209","5"
"21","1960","3116","0.28468866517013","5"
"21","1980","1659","0.15157204605816","5"
"21","1990","3270","0.29875864412911","5"
"21","2000","3718","0.3396894920098","5"
"21","2010","913","0.08341487525684","5"
"21","2015","851","0.07775033827335","5"
"21","2017","836","0.07637988577735","5"
"22","1960","2547","0.23270283382167","5"
"22","1980","1732","0.15824158153872","5"
"22","1990","3974","0.36307854794162","5"
"22","2000","5196","0.47472474461617","5"
"22","2010","1234","0.11274255867135","5"
"22","2015","1063","0.09711940021689","5"
"22","2017","1102","0.10068257670651","5"
"23","1960","1290","0.11785891465644","5"
"23","1980","592","0.05408719184233","5"
"23","1990","1238","0.11310801267029","5"
"23","2000","1373","0.12544208513433","5"
"23","2010","305","0.02786586741877","5"
"23","2015","242","0.02210996693554","5"
"23","2017","279","0.02549041642569","5"
"24","1960","6016","0.54964281439779","5"
"24","1980","4440","0.40565393881751","5"
"24","1990","9881","0.90276274086844","5"
"24","2000","9639","0.88065277393289","5"
"24","2010","2521","0.23032738282859","5"
"24","2015","2543","0.23233737982273","5"
"24","2017","2537","0.23178919882433","5"
"25","1960","5171","0.47244065712283","5"
"25","1980","3123","0.28532820966826","5"
"25","1990","6541","0.59760865175797","5"
"25","2000","6664","0.60884636222521","5"
"25","2010","1423","0.13001026012102","5"
"25","2015","1327","0.12123936414658","5"
"25","2017","1423","0.13001026012102","5"
"26","1960","4049","0.36993081042165","5"
"26","1980","3644","0.33292859302951","5"
"26","1990","7458","0.68138898101375","5"
"26","2000","8391","0.76663112626527","5"
"26","2010","1749","0.15979476103419","5"
"26","2015","1559","0.14243569608479","5"
"26","2017","1598","0.14599887257441","5"
"27","1960","1854","0.16938792850623","5"
"27","1980","1705","0.15577476704591","5"
"27","1990","3324","0.30369227311473","5"
"27","2000","4297","0.3925889583556","5"
"27","2010","1034","0.09446985872462","5"
"27","2015","999","0.09127213623394","5"
"27","2017","1110","0.10141348470437","5"
"28","1960","1810","0.16536793451795","5"
"28","1980","1022","0.09337349672781","5"
"28","1990","2329","0.21278559087973","5"
"28","2000","2731","0.24951371777266","5"
"28","2010","689","0.0629494513165","5"
"28","2015","610","0.05573173483754","5"
"28","2017","664","0.06066536382316","5"
"29","1960","3845","0.35129265647598","5"
"29","1980","2406","0.21982058035922","5"
"29","1990","5020","0.45864476866305","5"
"29","2000","6192","0.56572279035091","5"
"29","2010","1445","0.13202025711516","5"
"29","2015","1276","0.11657982566016","5"
"29","2017","1320","0.12059981964845","5"
"30","1960","766","0.06998444079599","5"
"30","1980","472","0.04312357187429","5"
"30","1990","937","0.08560759925045","5"
"30","2000","1221","0.11155483317481","5"
"30","2010","306","0.0279572309185","5"
"30","2015","292","0.02667814192223","5"
"30","2017","295","0.02695223242143","5"
"31","1960","1491","0.13622297810291","5"
"31","1980","682","0.06230990681836","5"
"31","1990","1450","0.13247707461382","5"
"31","2000","1646","0.15038432056162","5"
"31","2010","413","0.03773312539","5"
"31","2015","403","0.03681949039267","5"
"31","2017","397","0.03627130939426","5"
"32","1960","751","0.06861398829999","5"
"32","1980","569","0.05198583134846","5"
"32","1990","1526","0.13942070059358","5"
"32","2000","2165","0.1978019769234","5"
"32","2010","611","0.05582309833727","5"
"32","2015","544","0.04970174385511","5"
"32","2017","603","0.0550921903394","5"
"33","1960","619","0.05655400633514","5"
"33","1980","365","0.03334767740279","5"
"33","1990","899","0.08213578626057","5"
"33","2000","1148","0.10488529769425","5"
"33","2010","266","0.02430269092915","5"
"33","2015","231","0.02110496843847","5"
"33","2017","288","0.02631268792329","5"
"34","1960","5986","0.54690190940578","5"
"34","1980","3724","0.3402376730082","5"
"34","1990","8704","0.79522790168191","5"
"34","2000","8271","0.75566750629722","5"
"34","2010","1870","0.17084974450197","5"
"34","2015","1612","0.14727796157068","5"
"34","2017","1796","0.16408884552168","5"
"35","1960","2180","0.19917242941941","5"
"35","1980","913","0.08341487525684","5"
"35","1990","2555","0.23343374181954","5"
"35","2000","3012","0.27518686119783","5"
"35","2010","734","0.06706080880451","5"
"35","2015","601","0.05490946333993","5"
"35","2017","648","0.05920354782742","5"
"36","1960","13006","1.18827367753618","5"
"36","1980","8816","0.80546061365208","5"
"36","1990","21350","1.95061071931397","5"
"36","2000","22190","2.02735605909025","5"
"36","2010","4723","0.43150980924214","5"
"36","2015","4394","0.40145121782976","5"
"36","2017","4621","0.42219073226931","5"
"37","1960","4905","0.44813796619367","5"
"37","1980","2392","0.21854149136295","5"
"37","1990","5706","0.52132012948035","5"
"37","2000","7515","0.68659670049857","5"
"37","2010","2022","0.18473699646149","5"
"37","2015","1854","0.16938792850623","5"
"37","2017","1868","0.1706670175025","5"
"38","1960","564","0.05152901384979","5"
"38","1980","356","0.03252540590518","5"
"38","1990","624","0.05701082383381","5"
"38","2000","727","0.06642126430638","5"
"38","2010","191","0.01745042844913","5"
"38","2015","193","0.01763315544859","5"
"38","2017","206","0.01882088094513","5"
"39","1960","6388","0.58363003629871","5"
"39","1980","3970","0.36271309394269","5"
"39","1990","8528","0.77914792572878","5"
"39","2000","10733","0.98060444264153","5"
"39","2010","2243","0.20492832990263","5"
"39","2015","2044","0.18674699345563","5"
"39","2017","2042","0.18656426645616","5"
"40","1960","3683","0.33649176951912","5"
"40","1980","1732","0.15824158153872","5"
"40","1990","3988","0.36435763693789","5"
"40","2000","4430","0.40474030382018","5"
"40","2010","1043","0.09529213022222","5"
"40","2015","937","0.08560759925045","5"
"40","2017","976","0.08917077574006","5"
"41","1960","1394","0.12736071862874","5"
"41","1980","1289","0.1177675511567","5"
"41","1990","2655","0.2425700917929","5"
"41","2000","3684","0.33658313301886","5"
"41","2010","950","0.08679532474699","5"
"41","2015","913","0.08341487525684","5"
"41","2017","969","0.08853123124193","5"
"42","1960","7676","0.70130622395569","5"
"42","1980","5202","0.47527292561457","5"
"42","1990","10049","0.9181118088237","5"
"42","2000","11169","1.02043892852542","5"
"42","2010","2400","0.21927239936082","5"
"42","2015","2400","0.21927239936082","5"
"42","2017","2333","0.21315104487866","5"
"44","1960","1456","0.13302525561223","5"
"44","1980","513","0.04686947536337","5"
"44","1990","1104","0.10086530370597","5"
"44","2000","1081","0.0987639432121","5"
"44","2010","245","0.02238405743475","5"
"44","2015","219","0.02000860644167","5"
"44","2017","226","0.02064815093981","5"
"45","1960","3265","0.29830182663045","5"
"45","1980","1203","0.10991029017961","5"
"45","1990","3274","0.29912409812805","5"
"45","2000","4231","0.38655896737318","5"
"45","2010","1088","0.09940348771023","5"
"45","2015","952","0.08697805174645","5"
"45","2017","969","0.08853123124193","5"
"46","1960","665","0.06075672732289","5"
"46","1980","365","0.03334767740279","5"
"46","1990","750","0.06852262480025","5"
"46","2000","857","0.07829851927175","5"
"46","2010","192","0.01754179194886","5"
"46","2015","185","0.01690224745072","5"
"46","2017","193","0.01763315544859","5"
"47","1960","2638","0.24101691229743","5"
"47","1980","2001","0.18281836296708","5"
"47","1990","4388","0.40090303683136","5"
"47","2000","4993","0.45617795417024","5"
"47","2010","1334","0.12187890864472","5"
"47","2015","1224","0.11182892367401","5"
"47","2017","1227","0.11210301417321","5"
"48","1960","13615","1.24391404887399","5"
"48","1980","6412","0.58582276029232","5"
"48","1990","17360","1.5860703553766","5"
"48","2000","20906","1.91004532543221","5"
"48","2010","5393","0.49272335406371","5"
"48","2015","4981","0.45508159217343","5"
"48","2017","5132","0.46887748063322","5"
"49","1960","1498","0.13686252260104","5"
"49","1980","1130","0.10324075469905","5"
"49","1990","2536","0.2316978353246","5"
"49","2000","2803","0.25609188975349","5"
"49","2010","741","0.06770035330265","5"
"49","2015","711","0.06495944831064","5"
"49","2017","694","0.06340626881517","5"
"50","1960","227","0.02073951443954","5"
"50","1980","222","0.02028269694087","5"
"50","1990","555","0.05070674235218","5"
"50","2000","722","0.06596444680771","5"
"50","2010","178","0.01626270295259","5"
"50","2015","174","0.01589724895365","5"
"50","2017","158","0.01443543295792","5"
"51","1960","7935","0.72496937038671","5"
"51","1980","4305","0.39331986635347","5"
"51","1990","11106","1.01468302804219","5"
"51","2000","11528","1.05323842492981","5"
"51","2010","3075","0.28094276168105","5"
"51","2015","2870","0.26221324423564","5"
"51","2017","3222","0.2943731961419","5"
"53","1960","4412","0.40309576082497","5"
"53","1980","2017","0.18428017896282","5"
"53","1990","5431","0.49619516705359","5"
"53","2000","6930","0.63314905315437","5"
"53","2010","1773","0.1619874850278","5"
"53","2015","1812","0.16555066151741","5"
"53","2017","1795","0.16399748202194","5"
"54","1960","668","0.06103081782209","5"
"54","1980","794","0.07254261878853","5"
"54","1990","1382","0.12626435663193","5"
"54","2000","1961","0.17916382297773","5"
"54","2010","455","0.04157039237882","5"
"54","2015","458","0.04184448287802","5"
"54","2017","484","0.04421993387109","5"
"55","1960","2142","0.19570061642953","5"
"55","1980","1671","0.15266840805497","5"
"55","1990","3568","0.32598496704975","5"
"55","2000","4651","0.42493163726132","5"
"55","2010","1046","0.09556622072142","5"
"55","2015","1038","0.09483531272355","5"
"55","2017","999","0.09127213623394","5"
"56","1960","339","0.03097222640971","5"
"56","1980","294","0.0268608689217","5"
"56","1990","611","0.05582309833727","5"
"56","2000","744","0.06797444380185","5"
"56","2010","190","0.01735906494939","5"
"56","2015","218","0.01991724294194","5"
"56","2017","192","0.01754179194886","5"
